Workbook
Name NativeTimeline_Fecha: #N/A
Name SegmentaciónDeDatos_Área___Departamento: #N/A
Name SegmentaciónDeDatos_Coordinación_a_la_que_perteneces: #N/A
Name SegmentaciónDeDatos_No._Empleado: #N/A
Name SegmentaciónDeDatos_No._Empleado1: #N/A
Name SegmentaciónDeDatos_Promotor___Destractor: #N/A

Sheet Hoja1
B4: No. Empleado | C4: Nombre | D4: Fecha | E4: Área / Departamento | F4: Efectividad del Onboarding (1-10) | G4: Integración a su equipo (1-10) | H4: Claridad del puesto (1-10) | I4: Compresión de la organización (1-10) | J4: Promedio por empleado | K4: calificación inicial | L4: calificación Final | M4: Promedio | N4: Promotor /Pasivo/ Detractor
B5: 395 | C5: SOTO GONZALEZ ALEXIA SOPHIA | D5: 46077 | E5: DIRECCION GENERAL | F5: =BD[[#This Row],[Efectividad del Onboarding (1-10)]] -> 9.6 | G5: =BD[[#This Row],[Integración a su equipo (1-10)]] -> 9.6 | H5: =BD[[#This Row],[Claridad del puesto (1-10)]] -> 9.25 | I5: =BD[[#This Row],[Compresión de la organización (1-10)]] -> 9.6 | J5: =AVERAGE(F5:I5) -> 9.5125 | K5: 0 | L5: 0
B6: 396 | C6: BOCANEGRA SANCHEZ LAILA KASSANDRA | D6: 46078 | E6: GESTION PREVENTIVA SMS | F6: =BD[[#This Row],[Efectividad del Onboarding (1-10)]] -> 10 | G6: =BD[[#This Row],[Integración a su equipo (1-10)]] -> 10 | H6: =BD[[#This Row],[Claridad del puesto (1-10)]] -> 9.75 | I6: =BD[[#This Row],[Compresión de la organización (1-10)]] -> 10 | J6: =AVERAGE(F6:I6) -> 9.9375
B7: 397 | C7: CONTRERAS AGUIRRE MARIA LUISA JUDITH | D7: 46078 | E7: ORGANO INTERNO DE CONTROL | F7: =BD[[#This Row],[Efectividad del Onboarding (1-10)]] -> 9 | G7: =BD[[#This Row],[Integración a su equipo (1-10)]] -> 9 | H7: =BD[[#This Row],[Claridad del puesto (1-10)]] -> 9 | I7: =BD[[#This Row],[Compresión de la organización (1-10)]] -> 9 | J7: =AVERAGE(F7:I7) -> 9
B8: 398 | C8: ORTEGA DORANTES VALENTINA | D8: 46090 | E8: ATENCION A CLIENTES | F8: =BD[[#This Row],[Efectividad del Onboarding (1-10)]] -> 9.4 | G8: =BD[[#This Row],[Integración a su equipo (1-10)]] -> 8.6 | H8: =BD[[#This Row],[Claridad del puesto (1-10)]] -> 9.25 | I8: =BD[[#This Row],[Compresión de la organización (1-10)]] -> 9.8 | J8: =AVERAGE(F8:I8) -> 9.2625
B9: 399 | C9: TORRES DELGADO ADAN | D9: 46091 | E9: ORGANO INTERNO DE CONTROL | F9: =BD[[#This Row],[Efectividad del Onboarding (1-10)]] -> 10 | G9: =BD[[#This Row],[Integración a su equipo (1-10)]] -> 10 | H9: =BD[[#This Row],[Claridad del puesto (1-10)]] -> 9.5 | I9: =BD[[#This Row],[Compresión de la organización (1-10)]] -> 9.6 | J9: =AVERAGE(F9:I9) -> 9.775
B10: CIERRE PRIMER TRIMESTRE (Enero - Marzo) | F10: =AVERAGE(F5:F9)/10 -> 0.96 | G10: =AVERAGE(G5:G9)/10 -> 0.944 | H10: =AVERAGE(H5:H9)/10 -> 0.935 | I10: =AVERAGE(I5:I9)/10 -> 0.96 | J10: =AVERAGE(J5:J9)/10 -> 0.94975
B11: 401 | C11: LOPEZ HERNANDESZ RICARDO | E11: GESTION PREVENTIVA SMS | K11: ='Inicial y Final'!AC14 -> 80 | L11: ='Inicial y Final'!AC15 -> 80 | M11: ='Inicial y Final'!AD14 -> 80
B12: 402 | C12: ARPIDE MENDOZA RODRIGO SAID | E12: SSEI | K12: ='Inicial y Final'!AC16 -> 85 | L12: ='Inicial y Final'!AC17 -> 90 | M12: ='Inicial y Final'!AD16 -> 87.5
B13: 403 | C13: MARTINEZ AMEZCUA VICTOR ADRIAN | E13: SSEI | K13: ='Inicial y Final'!AC18 -> 35 | L13: ='Inicial y Final'!AC19 -> 75 | M13: ='Inicial y Final'!AD18 -> 55

Sheet Datos
B2: Indicadores de la Evaluación de Efectividad del Onboarding
B3: Comparación de Datos
B4: No. Empleado | C4: Nombre | D4: Fecha | E4: Área / Departamento | F4: Efectividad del Onboarding (1-10) | G4: Integración a su equipo (1-10) | H4: Claridad del puesto (1-10) | I4: Compresión de la organización (1-10) | J4: Promedio por empleado | K4: Trimestre
B5: 395 | C5: SOTO GONZALEZ ALEXIA SOPHIA | D5: 46077 | E5: DIRECCION GENERAL | F5: =AVERAGE(E28,Q28:T28) -> 9.6 | G5: =AVERAGE(G28:K28) -> 9.6 | H5: =AVERAGE(C28:F28) -> 9.25 | I5: =AVERAGE(L28:P28) -> 9.6 | J5: =AVERAGE(F5:I5) -> 9.5125 | K5: 1
B6: 396 | C6: BOCANEGRA SANCHEZ LAILA KASSANDRA | D6: 46078 | E6: GESTION PREVENTIVA SMS | F6: =AVERAGE(E29,Q29:T29) -> 10 | G6: =AVERAGE(G29:K29) -> 10 | H6: =AVERAGE(C29:F29) -> 9.75 | I6: =AVERAGE(L29:P29) -> 10 | J6: =AVERAGE(F6:I6) -> 9.9375 | K6: 1
B7: 397 | C7: CONTRERAS AGUIRRE MARIA LUISA JUDITH | D7: 46078 | E7: ORGANO INTERNO DE CONTROL | F7: =AVERAGE(E30,Q30:T30) -> 9 | G7: =AVERAGE(G30:K30) -> 9 | H7: =AVERAGE(C30:F30) -> 9 | I7: =AVERAGE(L30:P30) -> 9 | J7: =AVERAGE(F7:I7) -> 9 | K7: 1
B8: 398 | C8: ORTEGA DORANTES VALENTINA | D8: 46090 | E8: ATENCION A CLIENTES | F8: =AVERAGE(E31,Q31:T31) -> 9.4 | G8: =AVERAGE(G31:K31) -> 8.6 | H8: =AVERAGE(C31:F31) -> 9.25 | I8: =AVERAGE(L31:P31) -> 9.8 | J8: =AVERAGE(F8:I8) -> 9.2625 | K8: 1
B9: 399 | C9: TORRES DELGADO ADAN | D9: 46091 | E9: ORGANO INTERNO DE CONTROL | F9: =AVERAGE(E32,Q32:T32) -> 10 | G9: =AVERAGE(G32:K32) -> 10 | H9: =AVERAGE(C32:F32) -> 9.5 | I9: =AVERAGE(L32:P32) -> 9.6 | J9: =AVERAGE(F9:I9) -> 9.775 | K9: 1
B10: CIERRE PRIMER TRIMESTRE (Enero - Marzo) | F10: =AVERAGE(F5:F9)/10 -> 0.96 | G10: =AVERAGE(G5:G9)/10 -> 0.944 | H10: =AVERAGE(H5:H9)/10 -> 0.935 | I10: =AVERAGE(I5:I9)/10 -> 0.96 | J10: =AVERAGE(J5:J9)/10 -> 0.94975 | K10: =COUNT(K5:K9) -> 5
B11: 401 | C11: LOPEZ HERNANDESZ RICARDO | E11: GESTION PREVENTIVA SMS | K11: 2
B12: 402 | C12: ARPIDE MENDOZA RODRIGO SAID | E12: SSEI | K12: 2
B13: 403 | C13: MARTINEZ AMEZCUA VICTOR ADRIAN | E13: SSEI | K13: 2
B16: Trimestre 1 | E16: Trimestre 2 | H16: Trimestre 3 | K16: Trimestre 4
B17: Indicador | C17: Promedio | D17: Porcentaje % | E17: Indicador | F17: Promedio | G17: Porcentaje % | H17: Indicador | I17: Promedio | J17: Porcentaje % | K17: Indicador | L17: Promedio | M17: Porcentaje %
B18: Efectividad del Onboarding | C18: =F10*10 -> 9.6 | D18: =indicadores[[#This Row],[Promedio]]/10 -> 0.96 | E18: Efectividad del Onboarding | G18: =indicadores6[[#This Row],[Promedio]]/1 -> 0 | H18: Efectividad del Onboarding | J18: =indicadores7[[#This Row],[Promedio]]/10 -> 0 | K18: Efectividad del Onboarding | M18: =indicadores8[[#This Row],[Promedio]]/10 -> 0
B19: Integración a su equipo | C19: =G10*10 -> 9.44 | D19: =indicadores[[#This Row],[Promedio]]/10 -> 0.944 | E19: Integración a su equipo | G19: =indicadores6[[#This Row],[Promedio]]/1 -> 0 | H19: Integración a su equipo | J19: =indicadores7[[#This Row],[Promedio]]/10 -> 0 | K19: Integración a su equipo | M19: =indicadores8[[#This Row],[Promedio]]/10 -> 0
B20: Claridad del puesto | C20: =H10*10 -> 9.35 | D20: =indicadores[[#This Row],[Promedio]]/10 -> 0.935 | E20: Claridad del puesto | G20: =indicadores6[[#This Row],[Promedio]]/1 -> 0 | H20: Claridad del puesto | J20: =indicadores7[[#This Row],[Promedio]]/10 -> 0 | K20: Claridad del puesto | M20: =indicadores8[[#This Row],[Promedio]]/10 -> 0
B21: Comprensión de la organización | C21: =I10*10 -> 9.6 | D21: =indicadores[[#This Row],[Promedio]]/10 -> 0.96 | E21: Comprensión de la organización | G21: =indicadores6[[#This Row],[Promedio]]/1 -> 0 | H21: Comprensión de la organización | J21: =indicadores7[[#This Row],[Promedio]]/10 -> 0 | K21: Comprensión de la organización | M21: =indicadores8[[#This Row],[Promedio]]/10 -> 0
B24: Indicadores de la Evaluación de Efectividad del Onboarding
B27: No.Emple | C27: 1 | D27: 2 | E27: 5 | F27: 7 | G27: 8 | H27: 9 | I27: 10 | J27: 11 | K27: 12 | L27: 13 | M27: 14 | N27: 15 | O27: 16 | P27: 17 | Q27: 18 | R27: 19 | S27: 21 | T27: 22
B28: 395 | C28: 10 | D28: 9 | E28: 9 | F28: 9 | G28: 10 | H28: 10 | I28: 9 | J28: 9 | K28: 10 | L28: 10 | M28: 9 | N28: 10 | O28: 9 | P28: 10 | Q28: 10 | R28: 10 | S28: 9 | T28: 10
B29: 396 | C29: 10 | D29: 10 | E29: 10 | F29: 9 | G29: 10 | H29: 10 | I29: 10 | J29: 10 | K29: 10 | L29: 10 | M29: 10 | N29: 10 | O29: 10 | P29: 10 | Q29: 10 | R29: 10 | S29: 10 | T29: 10
B30: 397 | C30: 9 | D30: 9 | E30: 9 | F30: 9 | G30: 9 | H30: 9 | I30: 9 | J30: 9 | K30: 9 | L30: 9 | M30: 9 | N30: 9 | O30: 9 | P30: 9 | Q30: 9 | R30: 9 | S30: 9 | T30: 9
B31: 398 | C31: 10 | D31: 10 | E31: 8 | F31: 9 | G31: 7 | H31: 9 | I31: 6 | J31: 11 | K31: 10 | L31: 10 | M31: 9 | N31: 10 | O31: 10 | P31: 10 | Q31: 10 | R31: 10 | S31: 10 | T31: 9
B32: 399 | C32: 10 | D32: 9 | E32: 10 | F32: 9 | G32: 10 | H32: 10 | I32: 10 | J32: 10 | K32: 10 | L32: 10 | M32: 9 | N32: 10 | O32: 9 | P32: 10 | Q32: 10 | R32: 10 | S32: 10 | T32: 10
B66: Indicadores de la Evaluación de Efectividad del Onboarding
B67: Comparación de Datos
B68: No. Empleado | C68: Nombre | D68: No. Empleados | E68: Fecha de evaluación | F68: Área / Departamento | G68: Efectividad del Onboarding (1-10) | H68: Integración a su equipo (1-10) | I68: Claridad del puesto (1-10) | J68: Compresión de la organización (1-10) | K68: Promedio por empleado
B69: CIERRE PRIMER MES (Enero) | D69: 0 | G69: 0 | H69: 0 | I69: 0 | J69: 0 | K69: 0
B70: 395 | C70: SOTO GONZALEZ ALEXIA SOPHIA | D70: 1 | E70: 46077 | F70: DIRECCION GENERAL | G70: =AVERAGE(E28,Q28:T28) -> 9.6 | H70: =AVERAGE(G28:K28) -> 9.6 | I70: =AVERAGE(C28:E28,F28) -> 9.25 | J70: =AVERAGE(L28:P28) -> 9.6 | K70: =AVERAGE(G70:J70) -> 9.5125
B71: 396 | C71: BOCANEGRA SANCHEZ LAILA KASSANDRA | D71: 2 | E71: 46078 | F71: GESTION PREVENTIVA SMS | G71: =AVERAGE(E29,Q29:T29) -> 10 | H71: =AVERAGE(G29:K29) -> 10 | I71: =AVERAGE(C29:E29,F29) -> 9.75 | J71: =AVERAGE(L29:P29) -> 10 | K71: =AVERAGE(G71:J71) -> 9.9375
B72: 397 | C72: CONTRERAS AGUIRRE MARIA LUISA JUDITH | D72: 3 | E72: 46078 | F72: ORGANO INTERNO DE CONTROL | G72: =AVERAGE(E30,Q30:T30) -> 9 | H72: =AVERAGE(G30:K30) -> 9 | I72: =AVERAGE(C30:E30,F30) -> 9 | J72: =AVERAGE(L30:P30) -> 9 | K72: =AVERAGE(G72:J72) -> 9
B73: CIERRE SEGUNDO MES (Febrero) | D73: =COUNT(D70:D72) -> 3 | G73: =AVERAGE(G70:G72) -> 9.5333333 | H73: =AVERAGE(H70:H72) -> 9.5333333 | I73: =AVERAGE(I70:I72) -> 9.3333333 | J73: =AVERAGE(J70:J72) -> 9.5333333 | K73: =AVERAGE(K70:K72) -> 9.4833333
B74: 398 | C74: ORTEGA DORANTES VALENTINA | D74: 1 | E74: 46090 | F74: ATENCION A CLIENTES | G74: =AVERAGE(E31,Q31:T31) -> 9.4 | H74: =AVERAGE(G31:K31) -> 8.6 | I74: =AVERAGE(C31:E31,F31) -> 9.25 | J74: =AVERAGE(L31:P31) -> 9.8 | K74: =AVERAGE(G74:J74) -> 9.2625
B75: 399 | C75: TORRES DELGADO ADAN | D75: 2 | E75: 46091 | F75: ORGANO INTERNO DE CONTROL | G75: =AVERAGE(E32,Q32:T32) -> 10 | H75: =AVERAGE(G32:K32) -> 10 | I75: =AVERAGE(C32:E32,F32) -> 9.5 | J75: =AVERAGE(L32:P32) -> 9.6 | K75: =AVERAGE(G75:J75) -> 9.775
B76: CIERRE TERCER MES (Marzo) | D76: =COUNT(D74:D75) -> 2 | G76: =AVERAGE(G74:G75) -> 9.7 | H76: =AVERAGE(H74:H75) -> 9.3 | I76: =AVERAGE(I74:I75) -> 9.375 | J76: =AVERAGE(J74:J75) -> 9.7 | K76: =AVERAGE(K74:K75) -> 9.51875
B77: 401 | C77: LOPEZ HERNANDESZ RICARDO | D77: 1 | F77: GESTION PREVENTIVA SMS
B78: 402 | C78: ARPIDE MENDOZA RODRIGO SAID | D78: 2 | F78: SSEI
B79: 403 | C79: MARTINEZ AMEZCUA VICTOR ADRIAN | D79: 3 | F79: SSEI

Sheet Analisis
A1: No. Empleado | B1: (Todas)
A3: Etiquetas de fila | B3: Promedio de Efectividad del Onboarding (1-10) | C3: Promedio de Integración a su equipo (1-10) | D3: Promedio de Claridad del puesto (1-10) | E3: Promedio de Compresión de la organización (1-10) | G3: Promedio General
A4: DIRECCION GENERAL | B4: 9.6 | C4: 9.6 | D4: 9.25 | E4: 9.6 | G4: =GETPIVOTDATA("Promedio por empleado",$A$20) -> 9.4833333
A5: GESTION PREVENTIVA SMS | B5: 10 | C5: 10 | D5: 9.75 | E5: 10
A6: ORGANO INTERNO DE CONTROL | B6: 9 | C6: 9 | D6: 9 | E6: 9
A7: Total general | B7: 9.5333333 | C7: 9.5333333 | D7: 9.3333333 | E7: 9.5333333
A11: efe | B11: =$B$8 -> 0 | C11: =C9 -> 0 | D11: =D9 -> 0 | E11: =E9 -> 0
B12: =1-B11 -> 1 | C12: =1-C11 -> 1 | D12: =1-D11 -> 1 | E12: =1-E11 -> 1
A13: inte | B13: =GETPIVOTDATA("Promedio de Efectividad del Onboarding (1-10)",$A$3,"Área / Departamento ","ATENCION A CLIENTES")/10 -> #REF! | C13: =C4/10 -> 0.96 | D13: =D4/10 -> 0.925 | E13: =GETPIVOTDATA("Promedio de Efectividad del Onboarding (1-10)",$A$3,"Área / Departamento ","ATENCION A CLIENTES")/10 -> #REF!
B14: =1-B13 -> #REF! | C14: =1-C13 -> 0.04 | D14: =1-D13 -> 0.075 | E14: =1-E13 -> #REF!
A20: Etiquetas de fila | B20: Promedio de Promedio por empleado
A21: 395 | B21: 9.5125
A22: 396 | B22: 9.9375
A23: 397 | B23: 9
A24: Total general | B24: 9.4833333
A32: Etiquetas de fila | B32: Promedio de Porcentaje %
A33: Claridad del puesto | B33: 0.935 | C33: =1-B33 -> 0.065
A34: Comprensión de la organización | B34: 0.96 | C34: =1-B34 -> 0.04
A35: Efectividad del Onboarding | B35: 0.96 | C35: =1-B35 -> 0.04
A36: Integración a su equipo | B36: 0.944 | C36: =1-B36 -> 0.056
A37: Total general | B37: 0.94975

Sheet Dashboard

Sheet Inicial y Final
B1: NPS
B4: Tabla de Clasificación
C5: 0–60 | D5: Detractor | G5: Respuestas Encuesta inicial
C6: 70–80 | D6: Pasivo | G6: Respuestas Encuesta final
C7: 90–100 | D7: Promotor
B11: #VALUE! | C11: Respuestas Iniciales y Finales
B12: Conteo de preguntas Correctas
B13: No. Empleado | C13: Nombre Completo | D13: Puesto de Trabajo | E13: Coordinación a la que perteneces | F13: Fecha de Ingreso | G13: Pregunta 1 | H13: Pregunta 2 | I13: Pregunta 3 | J13: Pregunta 4 | K13: Pregunta 5 | L13: Pregunta 6.1 | M13: Pregunta 6.2 | N13: Pregunta 6.3 | O13: Pregunta 6.4 | P13: Pregunta 6.5 | Q13: Pregunta 7 | R13: Pregunta 8 | S13: Pregunta 9 | T13: Pregunta 10 | U13: Pregunta 11 | V13: Pregunta 12 | W13: Pregunta 13.1 | X13: Pregunta 13.2 | Y13: Pregunta 13.3 | Z13: Pregunta 14 | AA13: Aciertos | AB13: Negativos | AC13: Calificación | AD13: Promedio de respuesta | AE13: Promotor | Destractor
B14: 401 | C14: Ricardo López Hernández | D14: SUPERVISOR DE SMS | E14: ADMINISTRACIÓN AEROPORTUARIA | F14: 46056 | G14: 1 | H14: 0 | I14: 1 | J14: 1 | K14: 1 | L14: 1 | M14: 1 | N14: 1 | O14: 0 | P14: 0 | Q14: 1 | R14: 0 | S14: 1 | T14: 1 | U14: 1 | V14: 1 | W14: 1 | X14: 1 | Y14: 1 | Z14: 1 | AA14: =SUM(G14:Z14) -> 16 | AB14: =20-AA14 -> 4 | AC14: =AA14/20*100 -> 80 | AD14: =AVERAGE(AC14:AC15) -> 80 | AE14: =IF(AD14>=90,"Promotor",IF(AD14<=60,"Detractor","Pasivo")) -> Pasivo
G15: 1 | H15: 0 | I15: 1 | J15: 1 | K15: 1 | L15: 1 | M15: 1 | N15: 1 | O15: 0 | P15: 0 | Q15: 1 | R15: 0 | S15: 1 | T15: 0 | U15: 1 | V15: 1 | W15: 1 | X15: 1 | Y15: 1 | Z15: 1 | AA15: =SUM(G15:Z15) -> 15 | AB15: =20-AA15 -> 5 | AC15: 80
B16: 402 | C16: Rodrigo Said Arpide Mendoza | D16: BOMBERO DEL SSEI | E16: ADMINISTRACIÓN AEROPORTUARIA | F16: 46055 | G16: 0 | H16: 0 | I16: 1 | J16: 1 | K16: 1 | L16: 1 | M16: 1 | N16: 1 | O16: 1 | P16: 1 | Q16: 0 | R16: 1 | S16: 1 | T16: 1 | U16: 1 | V16: 1 | W16: 1 | X16: 1 | Y16: 1 | Z16: 1 | AA16: =SUM(G16:Z16) -> 17 | AB16: =20-AA16 -> 3 | AC16: =AA16/20*100 -> 85 | AD16: =AVERAGE(AC16:AC17) -> 87.5 | AE16: =IF(AD16>=90,"Promotor",IF(AD16<=60,"Detractor","Pasivo")) -> Pasivo
G17: 1 | H17: 0 | I17: 1 | J17: 1 | K17: 1 | L17: 1 | M17: 1 | N17: 1 | O17: 0 | P17: 0 | Q17: 1 | R17: 1 | S17: 1 | T17: 0 | U17: 1 | V17: 1 | W17: 1 | X17: 1 | Y17: 1 | Z17: 1 | AA17: =SUM(G17:Z17) -> 16 | AB17: =20-AA17 -> 4 | AC17: 90
B18: 403 | C18: Víctor Adrián Martínez Amezcua | D18: BOMBERO DEL SSEI | E18: ADMINISTRACIÓN AEROPORTUARIA | F18: 46057 | G18: 1 | H18: 0 | I18: 0 | J18: 0 | K18: 1 | L18: 1 | M18: 0 | N18: 0 | O18: 1 | P18: 0 | Q18: 0 | R18: 0 | S18: 1 | T18: 0 | U18: 0 | V18: 0 | W18: 0 | X18: 0 | Y18: 1 | Z18: 0 | AA18: 7 | AB18: =20-AA18 -> 13 | AC18: =AA18/20*100 -> 35 | AD18: =AVERAGE(AC18:AC19) -> 55 | AE18: =IF(AD18>=90,"Promotor",IF(AD18<=60,"Detractor","Pasivo")) -> Detractor
G19: 1 | H19: 0 | I19: 1 | J19: 1 | K19: 1 | L19: 1 | M19: 1 | N19: 1 | O19: 0 | P19: 0 | Q19: 1 | R19: 1 | S19: 0 | T19: 0 | U19: 1 | V19: 1 | W19: 1 | X19: 1 | Y19: 1 | Z19: 1 | AA19: =SUM(G19:Z19) -> 15 | AB19: =20-AA19 -> 5 | AC19: =AA19/20*100 -> 75

Sheet Dashboard 2
B2: NPS
B6: Totales | D6: %
B7: Promotor | C7: =(COUNTIF(BD_5[Promotor | Destractor],"Promotor")) -> 0 | D7: =C7*100 -> 0
B8: Pasivo | C8: =(COUNTIF(BD_5[Promotor | Destractor],"Pasivo")) -> 2 | D8: =C8/10 -> 0.2
B9: Detractor | C9: =(COUNTIF(BD_5[Promotor | Destractor],"Detractor")) -> 1 | D9: =C9/10 -> 0.1
